536409,72802C,VANILLA SCENT CANDLE JEWELLED BOX,1,12/1/2010 11:45,4.25,17908,United Kingdom
536409,22109,FULL ENGLISH BREAKFAST PLATE,1,12/1/2010 11:45,3.75,17908,United Kingdom
536409,85116,BLACK CANDELABRA T-LIGHT HOLDER,5,12/1/2010 11:45,2.1,17908,United Kingdom
536409,22531,MAGIC DRAWING SLATE CIRCUS PARADE  ,1,12/1/2010 11:45,0.42,17908,United Kingdom
536409,21811,CHRISTMAS HANGING HEART WITH BELL,1,12/1/2010 11:45,1.25,17908,United Kingdom
536409,22183,CAKE STAND VICTORIAN FILIGREE MED,1,12/1/2010 11:45,6.75,17908,United Kingdom
536409,21678,PAISLEY PATTERN  STICKERS,6,12/1/2010 11:45,0.85,17908,United Kingdom
536409,21676,FLOWERS  STICKERS,6,12/1/2010 11:45,0.85,17908,United Kingdom
536409,84625A,PINK NEW BAROQUECANDLESTICK CANDLE,1,12/1/2010 11:45,2.95,17908,United Kingdom
536409,84625C,BLUE NEW BAROQUE CANDLESTICK CANDLE,3,12/1/2010 11:45,2.95,17908,United Kingdom
536409,21931,JUMBO STORAGE BAG SUKI,2,12/1/2010 11:45,1.95,17908,United Kingdom
536409,85169B,BLACK LOVE BIRD CANDLE,12,12/1/2010 11:45,1.25,17908,United Kingdom
536409,16238,PARTY TIME PENCIL ERASERS,28,12/1/2010 11:45,0.21,17908,United Kingdom
536409,20668,DISCO BALL CHRISTMAS DECORATION,24,12/1/2010 11:45,0.12,17908,United Kingdom
536409,84906,PINK B'FLY C/COVER W BOBBLES,1,12/1/2010 11:45,5.95,17908,United Kingdom
536409,21867,PINK UNION JACK  LUGGAGE TAG,1,12/1/2010 11:45,1.25,17908,United Kingdom
536409,22075,6 RIBBONS ELEGANT CHRISTMAS ,1,12/1/2010 11:45,1.65,17908,United Kingdom
536409,21866,UNION JACK FLAG LUGGAGE TAG,1,12/1/2010 11:45,1.25,17908,United Kingdom
536409,21326,AGED GLASS SILVER T-LIGHT HOLDER,12,12/1/2010 11:45,0.65,17908,United Kingdom
536409,21065,BOOM BOX SPEAKER GIRLS,1,12/1/2010 11:45,5.95,17908,United Kingdom
536409,22074,6 RIBBONS SHIMMERING PINKS ,1,12/1/2010 11:45,1.65,17908,United Kingdom
536409,22900, SET 2 TEA TOWELS I LOVE LONDON ,1,12/1/2010 11:45,2.95,17908,United Kingdom
536409,20713,JUMBO BAG OWLS,1,12/1/2010 11:45,1.95,17908,United Kingdom
536409,20966,SANDWICH BATH SPONGE,2,12/1/2010 11:45,1.25,17908,United Kingdom
536409,21116,OWL DOORSTOP,1,12/1/2010 11:45,4.95,17908,United Kingdom
536409,90199C,5 STRAND GLASS NECKLACE CRYSTAL,2,12/1/2010 11:45,6.35,17908,United Kingdom
536409,22633,HAND WARMER UNION JACK,1,12/1/2010 11:45,2.1,17908,United Kingdom
536409,22866,HAND WARMER SCOTTY DOG DESIGN,1,12/1/2010 11:45,2.1,17908,United Kingdom
536409,22198,LARGE POPCORN HOLDER ,1,12/1/2010 11:45,1.65,17908,United Kingdom
536409,21824,PAINTED METAL STAR WITH HOLLY BELLS,3,12/1/2010 11:45,1.45,17908,United Kingdom
536409,21823,PAINTED METAL HEART WITH HOLLY BELL,3,12/1/2010 11:45,1.45,17908,United Kingdom
536409,22153,ANGEL DECORATION STARS ON DRESS,6,12/1/2010 11:45,0.42,17908,United Kingdom
536409,22197,SMALL POPCORN HOLDER,2,12/1/2010 11:45,0.85,17908,United Kingdom
536409,85099B,JUMBO BAG RED RETROSPOT,2,12/1/2010 11:45,1.95,17908,United Kingdom
536409,85099F,JUMBO BAG STRAWBERRY,1,12/1/2010 11:45,1.95,17908,United Kingdom
536409,20717,STRAWBERRY SHOPPER BAG,1,12/1/2010 11:45,1.25,17908,United Kingdom
536409,20723,STRAWBERRY CHARLOTTE BAG,1,12/1/2010 11:45,0.85,17908,United Kingdom
536409,22900, SET 2 TEA TOWELS I LOVE LONDON ,1,12/1/2010 11:45,2.95,17908,United Kingdom
536409,21980,PACK OF 12 RED RETROSPOT TISSUES ,12,12/1/2010 11:45,0.29,17908,United Kingdom
536409,22111,SCOTTIE DOG HOT WATER BOTTLE,1,12/1/2010 11:45,4.95,17908,United Kingdom
536409,22112,CHOCOLATE HOT WATER BOTTLE,1,12/1/2010 11:45,4.95,17908,United Kingdom
536412,20728,LUNCH BAG CARS BLUE,3,12/1/2010 11:49,1.65,17920,United Kingdom
536412,22382,LUNCH BAG SPACEBOY DESIGN ,3,12/1/2010 11:49,1.65,17920,United Kingdom
536412,22326,ROUND SNACK BOXES SET OF4 WOODLAND ,1,12/1/2010 11:49,2.95,17920,United Kingdom
536412,22662,LUNCH BAG DOLLY GIRL DESIGN,4,12/1/2010 11:49,1.65,17920,United Kingdom
536412,22383,LUNCH BAG SUKI  DESIGN ,3,12/1/2010 11:49,1.65,17920,United Kingdom
536412,20727,LUNCH BAG  BLACK SKULL.,3,12/1/2010 11:49,1.65,17920,United Kingdom
536412,22328,ROUND SNACK BOXES SET OF 4 FRUITS ,1,12/1/2010 11:49,2.95,17920,United Kingdom
536412,22327,ROUND SNACK BOXES SET OF 4 SKULLS,1,12/1/2010 11:49,2.95,17920,United Kingdom
536412,22630,DOLLY GIRL LUNCH BOX,1,12/1/2010 11:49,1.95,17920,United Kingdom
536412,22629,SPACEBOY LUNCH BOX ,1,12/1/2010 11:49,1.95,17920,United Kingdom
536412,21245,GREEN POLKADOT PLATE ,1,12/1/2010 11:49,1.69,17920,United Kingdom
536412,21244,BLUE POLKADOT PLATE ,1,12/1/2010 11:49,1.69,17920,United Kingdom
536412,21242,RED RETROSPOT PLATE ,1,12/1/2010 11:49,1.69,17920,United Kingdom
536412,21243,PINK  POLKADOT PLATE ,1,12/1/2010 11:49,1.69,17920,United Kingdom
536412,22327,ROUND SNACK BOXES SET OF 4 SKULLS,1,12/1/2010 11:49,2.95,17920,United Kingdom
536412,22273,FELTCRAFT DOLL MOLLY,1,12/1/2010 11:49,2.95,17920,United Kingdom
536412,22940,FELTCRAFT CHRISTMAS FAIRY,3,12/1/2010 11:49,4.25,17920,United Kingdom
536412,22652,TRAVEL SEWING KIT,5,12/1/2010 11:49,1.65,17920,United Kingdom
536412,22759,SET OF 3 NOTEBOOKS IN PARCEL,1,12/1/2010 11:49,1.65,17920,United Kingdom
536412,21880,RED RETROSPOT TAPE,10,12/1/2010 11:49,0.65,17920,United Kingdom
536412,21738,COSY SLIPPER SHOES SMALL  RED ,1,12/1/2010 11:49,2.95,17920,United Kingdom
536412,22077,6 RIBBONS RUSTIC CHARM,1,12/1/2010 11:49,1.65,17920,United Kingdom
536412,85049E,SCANDINAVIAN REDS RIBBONS,3,12/1/2010 11:49,1.25,17920,United Kingdom
536412,22961,JAM MAKING SET PRINTED,24,12/1/2010 11:49,1.45,17920,United Kingdom
536412,21448,12 DAISY PEGS IN WOOD BOX,2,12/1/2010 11:49,1.65,17920,United Kingdom
536412,22837,HOT WATER BOTTLE BABUSHKA ,3,12/1/2010 11:49,4.65,17920,United Kingdom
536412,22749,FELTCRAFT PRINCESS CHARLOTTE DOLL,2,12/1/2010 11:49,3.75,17920,United Kingdom
536412,22940,FELTCRAFT CHRISTMAS FAIRY,1,12/1/2010 11:49,4.25,17920,United Kingdom
536412,22749,FELTCRAFT PRINCESS CHARLOTTE DOLL,1,12/1/2010 11:49,3.75,17920,United Kingdom
536412,22077,6 RIBBONS RUSTIC CHARM,2,12/1/2010 11:49,1.65,17920,United Kingdom
536412,21738,COSY SLIPPER SHOES SMALL  RED ,2,12/1/2010 11:49,2.95,17920,United Kingdom
536412,85049E,SCANDINAVIAN REDS RIBBONS,1,12/1/2010 11:49,1.25,17920,United Kingdom
536412,22243,5 HOOK HANGER RED MAGIC TOADSTOOL,6,12/1/2010 11:49,1.65,17920,United Kingdom
536412,22141,CHRISTMAS CRAFT TREE TOP ANGEL,1,12/1/2010 11:49,2.1,17920,United Kingdom
536412,22144,CHRISTMAS CRAFT LITTLE FRIENDS,2,12/1/2010 11:49,2.1,17920,United Kingdom
536412,22243,5 HOOK HANGER RED MAGIC TOADSTOOL,3,12/1/2010 11:49,1.65,17920,United Kingdom
536412,22077,6 RIBBONS RUSTIC CHARM,7,12/1/2010 11:49,1.65,17920,United Kingdom
536412,21448,12 DAISY PEGS IN WOOD BOX,1,12/1/2010 11:49,1.65,17920,United Kingdom
536412,22759,SET OF 3 NOTEBOOKS IN PARCEL,5,12/1/2010 11:49,1.65,17920,United Kingdom
536412,22242,5 HOOK HANGER MAGIC TOADSTOOL,5,12/1/2010 11:49,1.65,17920,United Kingdom
536412,85049E,SCANDINAVIAN REDS RIBBONS,12,12/1/2010 11:49,1.25,17920,United Kingdom
536412,21731,RED TOADSTOOL LED NIGHT LIGHT,5,12/1/2010 11:49,1.65,17920,United Kingdom
536412,22243,5 HOOK HANGER RED MAGIC TOADSTOOL,1,12/1/2010 11:49,1.65,17920,United Kingdom
536412,21739,COSY SLIPPER SHOES SMALL GREEN,2,12/1/2010 11:49,2.95,17920,United Kingdom
536412,21738,COSY SLIPPER SHOES SMALL  RED ,5,12/1/2010 11:49,2.95,17920,United Kingdom
536412,22271,FELTCRAFT DOLL ROSIE,2,12/1/2010 11:49,2.95,17920,United Kingdom
536412,22273,FELTCRAFT DOLL MOLLY,1,12/1/2010 11:49,2.95,17920,United Kingdom
536412,22274,FELTCRAFT DOLL EMILY,2,12/1/2010 11:49,2.95,17920,United Kingdom
536412,22749,FELTCRAFT PRINCESS CHARLOTTE DOLL,1,12/1/2010 11:49,3.75,17920,United Kingdom
536412,22751,FELTCRAFT PRINCESS OLIVIA DOLL,2,12/1/2010 11:49,3.75,17920,United Kingdom
536412,21034,REX CASH+CARRY JUMBO SHOPPER,1,12/1/2010 11:49,0.95,17920,United Kingdom
536412,22273,FELTCRAFT DOLL MOLLY,2,12/1/2010 11:49,2.95,17920,United Kingdom
536412,22568,FELTCRAFT CUSHION OWL,3,12/1/2010 11:49,3.75,17920,United Kingdom
536412,22141,CHRISTMAS CRAFT TREE TOP ANGEL,1,12/1/2010 11:49,2.1,17920,United Kingdom
536412,22144,CHRISTMAS CRAFT LITTLE FRIENDS,1,12/1/2010 11:49,2.1,17920,United Kingdom
536412,22570,FELTCRAFT CUSHION RABBIT,3,12/1/2010 11:49,3.75,17920,United Kingdom
536412,22569,FELTCRAFT CUSHION BUTTERFLY,2,12/1/2010 11:49,3.75,17920,United Kingdom
536412,21448,12 DAISY PEGS IN WOOD BOX,1,12/1/2010 11:49,1.65,17920,United Kingdom
536412,22086,PAPER CHAIN KIT 50'S CHRISTMAS ,1,12/1/2010 11:49,2.95,17920,United Kingdom
536412,22569,FELTCRAFT CUSHION BUTTERFLY,2,12/1/2010 11:49,3.75,17920,United Kingdom
536412,21448,12 DAISY PEGS IN WOOD BOX,2,12/1/2010 11:49,1.65,17920,United Kingdom
536412,22968,ROSE COTTAGE KEEPSAKE BOX ,4,12/1/2010 11:49,9.95,17920,United Kingdom
536412,22902,TOTE BAG I LOVE LONDON,7,12/1/2010 11:49,2.1,17920,United Kingdom
536412,21448,12 DAISY PEGS IN WOOD BOX,2,12/1/2010 11:49,1.65,17920,United Kingdom
536412,22902,TOTE BAG I LOVE LONDON,7,12/1/2010 11:49,2.1,17920,United Kingdom
536412,21710,FOLDING UMBRELLA PINKWHITE POLKADOT,1,12/1/2010 11:49,4.95,17920,United Kingdom
536412,21708,FOLDING UMBRELLA CREAM POLKADOT,1,12/1/2010 11:49,4.95,17920,United Kingdom
536412,21711,FOLDING UMBRELLA WHITE/RED POLKADOT,1,12/1/2010 11:49,4.95,17920,United Kingdom
536412,22179,SET 10 LIGHTS NIGHT OWL,2,12/1/2010 11:49,6.75,17920,United Kingdom
536412,22197,SMALL POPCORN HOLDER,5,12/1/2010 11:49,0.85,17920,United Kingdom
536412,22900, SET 2 TEA TOWELS I LOVE LONDON ,2,12/1/2010 11:49,2.95,17920,United Kingdom
536412,21706,FOLDING UMBRELLA RED/WHITE POLKADOT,1,12/1/2010 11:49,4.95,17920,United Kingdom
536412,22468,BABUSHKA LIGHTS STRING OF 10,2,12/1/2010 11:49,6.75,17920,United Kingdom
536412,20725,LUNCH BAG RED RETROSPOT,1,12/1/2010 11:49,1.65,17920,United Kingdom
536412,85184C,S/4 VALENTINE DECOUPAGE HEART BOX,1,12/1/2010 11:49,2.95,17920,United Kingdom
536412,21708,FOLDING UMBRELLA CREAM POLKADOT,1,12/1/2010 11:49,4.95,17920,United Kingdom
536412,22900, SET 2 TEA TOWELS I LOVE LONDON ,2,12/1/2010 11:49,2.95,17920,United Kingdom
536412,21706,FOLDING UMBRELLA RED/WHITE POLKADOT,1,12/1/2010 11:49,4.95,17920,United Kingdom
536412,22988,SOLDIERS EGG CUP ,6,12/1/2010 11:49,1.25,17920,United Kingdom
536412,85184C,S/4 VALENTINE DECOUPAGE HEART BOX,1,12/1/2010 11:49,2.95,17920,United Kingdom
536412,20750,RED RETROSPOT MINI CASES,1,12/1/2010 11:49,7.95,17920,United Kingdom
536414,22139,,56,12/1/2010 11:52,0,,United Kingdom
536415,22952,60 CAKE CASES VINTAGE CHRISTMAS,10,12/1/2010 11:57,0.55,12838,United Kingdom
536415,22910,PAPER CHAIN KIT VINTAGE CHRISTMAS,5,12/1/2010 11:57,2.95,12838,United Kingdom
536415,22739,RIBBON REEL CHRISTMAS SOCK BAUBLE,3,12/1/2010 11:57,1.65,12838,United Kingdom
536415,22738,RIBBON REEL SNOWY VILLAGE,3,12/1/2010 11:57,1.65,12838,United Kingdom
536415,22736,RIBBON REEL MAKING SNOWMEN ,3,12/1/2010 11:57,1.65,12838,United Kingdom
536415,22909,SET OF 20 VINTAGE CHRISTMAS NAPKINS,5,12/1/2010 11:57,0.85,12838,United Kingdom
536415,35591T,TURQUOISE CHRISTMAS TREE ,2,12/1/2010 11:57,1.25,12838,United Kingdom
536415,22186,RED STAR CARD HOLDER,5,12/1/2010 11:57,2.95,12838,United Kingdom
536415,22695,WICKER WREATH SMALL,3,12/1/2010 11:57,1.45,12838,United Kingdom
536415,22470,HEART OF WICKER LARGE,1,12/1/2010 11:57,2.95,12838,United Kingdom
536415,22580,ADVENT CALENDAR GINGHAM SACK,1,12/1/2010 11:57,5.95,12838,United Kingdom
536415,22469,HEART OF WICKER SMALL,5,12/1/2010 11:57,1.65,12838,United Kingdom
536415,22147,FELTCRAFT BUTTERFLY HEARTS,4,12/1/2010 11:57,1.45,12838,United Kingdom
536415,22130,PARTY CONE CHRISTMAS DECORATION ,6,12/1/2010 11:57,0.85,12838,United Kingdom
536415,21791,VINTAGE HEADS AND TAILS CARD GAME ,3,12/1/2010 11:57,1.25,12838,United Kingdom
536415,22694,WICKER STAR ,5,12/1/2010 11:57,2.1,12838,United Kingdom
536415,21790,VINTAGE SNAP CARDS,3,12/1/2010 11:57,0.85,12838,United Kingdom
536415,22149,FELTCRAFT 6 FLOWER FRIENDS,4,12/1/2010 11:57,2.1,12838,United Kingdom
536415,22900, SET 2 TEA TOWELS I LOVE LONDON ,3,12/1/2010 11:57,2.95,12838,United Kingdom
536415,22961,JAM MAKING SET PRINTED,3,12/1/2010 11:57,1.45,12838,United Kingdom
536415,22321,BIRD DECORATION RED RETROSPOT,12,12/1/2010 11:57,0.85,12838,United Kingdom
536415,22594,CHRISTMAS GINGHAM TREE,5,12/1/2010 11:57,0.85,12838,United Kingdom
536415,22593,CHRISTMAS GINGHAM STAR,4,12/1/2010 11:57,0.85,12838,United Kingdom
536415,22595,CHRISTMAS GINGHAM HEART,6,12/1/2010 11:57,0.85,12838,United Kingdom
536415,21986,PACK OF 12 PINK POLKADOT TISSUES,12,12/1/2010 11:57,0.29,12838,United Kingdom
536415,22750,FELTCRAFT PRINCESS LOLA DOLL,2,12/1/2010 11:57,3.75,12838,United Kingdom
536415,22616,PACK OF 12 LONDON TISSUES ,12,12/1/2010 11:57,0.29,12838,United Kingdom
536415,22775,PURPLE DRAWERKNOB ACRYLIC EDWARDIAN,1,12/1/2010 11:57,1.25,12838,United Kingdom
536415,22899,CHILDREN'S APRON DOLLY GIRL ,2,12/1/2010 11:57,2.1,12838,United Kingdom
536415,22367,CHILDRENS APRON SPACEBOY DESIGN,3,12/1/2010 11:57,1.95,12838,United Kingdom
536415,22942,CHRISTMAS LIGHTS 10 SANTAS ,3,12/1/2010 11:57,8.5,12838,United Kingdom
536415,22941,CHRISTMAS LIGHTS 10 REINDEER,3,12/1/2010 11:57,8.5,12838,United Kingdom
536415,22086,PAPER CHAIN KIT 50'S CHRISTMAS ,6,12/1/2010 11:57,2.95,12838,United Kingdom
536415,22940,FELTCRAFT CHRISTMAS FAIRY,2,12/1/2010 11:57,4.25,12838,United Kingdom
536415,21212,PACK OF 72 RETROSPOT CAKE CASES,2,12/1/2010 11:57,0.55,12838,United Kingdom
536415,21976,PACK OF 60 MUSHROOM CAKE CASES,2,12/1/2010 11:57,0.55,12838,United Kingdom
536415,22951,60 CAKE CASES DOLLY GIRL DESIGN,2,12/1/2010 11:57,0.55,12838,United Kingdom
536415,21977,PACK OF 60 PINK PAISLEY CAKE CASES,3,12/1/2010 11:57,0.55,12838,United Kingdom
536415,22834,HAND WARMER BABUSHKA DESIGN,3,12/1/2010 11:57,2.1,12838,United Kingdom
536415,22867,HAND WARMER BIRD DESIGN,3,12/1/2010 11:57,2.1,12838,United Kingdom
536415,22865,HAND WARMER OWL DESIGN,3,12/1/2010 11:57,2.1,12838,United Kingdom
536415,22632,HAND WARMER RED RETROSPOT,3,12/1/2010 11:57,2.1,12838,United Kingdom
536415,21916,SET 12 RETRO WHITE CHALK STICKS,2,12/1/2010 11:57,0.42,12838,United Kingdom
536415,22587,FELTCRAFT HAIRBAND RED AND BLUE,4,12/1/2010 11:57,0.85,12838,United Kingdom
536415,22566,FELTCRAFT HAIRBAND PINK AND PURPLE,3,12/1/2010 11:57,0.85,12838,United Kingdom
536415,22565,FELTCRAFT HAIRBANDS PINK AND WHITE ,3,12/1/2010 11:57,0.85,12838,United Kingdom
536415,22472,TV DINNER TRAY DOLLY GIRL,2,12/1/2010 11:57,4.95,12838,United Kingdom
536415,22557,PLASTERS IN TIN VINTAGE PAISLEY ,3,12/1/2010 11:57,1.65,12838,United Kingdom
536415,22551,PLASTERS IN TIN SPACEBOY,3,12/1/2010 11:57,1.65,12838,United Kingdom
536415,22554,PLASTERS IN TIN WOODLAND ANIMALS,3,12/1/2010 11:57,1.65,12838,United Kingdom
536415,22534,MAGIC DRAWING SLATE SPACEBOY ,3,12/1/2010 11:57,0.42,12838,United Kingdom
536415,22531,MAGIC DRAWING SLATE CIRCUS PARADE  ,3,12/1/2010 11:57,0.42,12838,United Kingdom
536415,22529,MAGIC DRAWING SLATE GO TO THE FAIR ,3,12/1/2010 11:57,0.42,12838,United Kingdom
536415,22530,MAGIC DRAWING SLATE DOLLY GIRL ,3,12/1/2010 11:57,0.42,12838,United Kingdom
536415,84032B,CHARLIE + LOLA RED HOT WATER BOTTLE,3,12/1/2010 11:57,2.95,12838,United Kingdom
536415,22837,HOT WATER BOTTLE BABUSHKA ,3,12/1/2010 11:57,4.65,12838,United Kingdom
536415,85049H,URBAN BLACK RIBBONS ,2,12/1/2010 11:57,1.25,12838,United Kingdom
536415,22749,FELTCRAFT PRINCESS CHARLOTTE DOLL,2,12/1/2010 11:57,3.75,12838,United Kingdom
536415,22807,SET OF 6 T-LIGHTS TOADSTOOLS,12,12/1/2010 11:57,2.95,12838,United Kingdom
536416,21494,ROTATING LEAVES T-LIGHT HOLDER,12,12/1/2010 11:58,1.25,13255,United Kingdom
536416,21915,RED  HARMONICA IN BOX ,72,12/1/2010 11:58,1.25,13255,United Kingdom
536416,22938,CUPCAKE LACE PAPER SET 6,12,12/1/2010 11:58,1.95,13255,United Kingdom
536416,22768,FAMILY PHOTO FRAME CORNICE,4,12/1/2010 11:58,9.95,13255,United Kingdom
536416,22767,TRIPLE PHOTO FRAME CORNICE ,4,12/1/2010 11:58,9.95,13255,United Kingdom
536416,82494L,WOODEN FRAME ANTIQUE WHITE ,6,12/1/2010 11:58,2.95,13255,United Kingdom
536420,21889,WOODEN BOX OF DOMINOES,12,12/1/2010 12:03,1.25,16583,United Kingdom
536420,21892,TRADITIONAL WOODEN CATCH CUP GAME ,12,12/1/2010 12:03,1.25,16583,United Kingdom
536420,21891,TRADITIONAL WOODEN SKIPPING ROPE,12,12/1/2010 12:03,1.25,16583,United Kingdom
536420,21890,S/6 WOODEN SKITTLES IN COTTON BAG,6,12/1/2010 12:03,2.95,16583,United Kingdom
536420,21718,RED METAL BEACH SPADE ,12,12/1/2010 12:03,1.25,16583,United Kingdom
536420,21716,BOYS VINTAGE TIN SEASIDE BUCKET,8,12/1/2010 12:03,2.55,16583,United Kingdom
536420,21715,GIRLS VINTAGE TIN SEASIDE BUCKET,8,12/1/2010 12:03,2.55,16583,United Kingdom
536420,22113,GREY HEART HOT WATER BOTTLE,4,12/1/2010 12:03,3.75,16583,United Kingdom
536420,22111,SCOTTIE DOG HOT WATER BOTTLE,3,12/1/2010 12:03,4.95,16583,United Kingdom
536420,22110,BIRD HOUSE HOT WATER BOTTLE,6,12/1/2010 12:03,2.55,16583,United Kingdom
536420,22358,KINGS CHOICE TEA CADDY ,6,12/1/2010 12:03,2.95,16583,United Kingdom
536420,22357,KINGS CHOICE BISCUIT TIN,4,12/1/2010 12:03,4.25,16583,United Kingdom
536420,22115,METAL SIGN EMPIRE TEA,6,12/1/2010 12:03,2.95,16583,United Kingdom
536420,22969,HOMEMADE JAM SCENTED CANDLES,12,12/1/2010 12:03,1.45,16583,United Kingdom
536423,22619,SET OF 6 SOLDIER SKITTLES,4,12/1/2010 12:08,3.75,18085,United Kingdom
536423,21481,FAWN BLUE HOT WATER BOTTLE,6,12/1/2010 12:08,2.95,18085,United Kingdom
536423,22632,HAND WARMER RED RETROSPOT,12,12/1/2010 12:08,2.1,18085,United Kingdom
536423,22837,HOT WATER BOTTLE BABUSHKA ,8,12/1/2010 12:08,4.65,18085,United Kingdom
536423,21479,WHITE SKULL HOT WATER BOTTLE ,8,12/1/2010 12:08,3.75,18085,United Kingdom
536423,21485,RETROSPOT HEART HOT WATER BOTTLE,8,12/1/2010 12:08,4.95,18085,United Kingdom
536423,84029E,RED WOOLLY HOTTIE WHITE HEART.,8,12/1/2010 12:08,3.75,18085,United Kingdom
536423,22111,SCOTTIE DOG HOT WATER BOTTLE,16,12/1/2010 12:08,4.95,18085,United Kingdom
536423,22113,GREY HEART HOT WATER BOTTLE,8,12/1/2010 12:08,3.75,18085,United Kingdom
536425,22837,HOT WATER BOTTLE BABUSHKA ,8,12/1/2010 12:08,4.65,13758,United Kingdom
536425,22585,PACK OF 6 BIRDY GIFT TAGS,12,12/1/2010 12:08,1.25,13758,United Kingdom
536425,79321,CHILLI LIGHTS,8,12/1/2010 12:08,4.95,13758,United Kingdom
536425,22637,PIGGY BANK RETROSPOT ,12,12/1/2010 12:08,2.55,13758,United Kingdom
536425,21556,CERAMIC STRAWBERRY MONEY BOX,6,12/1/2010 12:08,2.55,13758,United Kingdom
536425,22646,CERAMIC STRAWBERRY CAKE MONEY BANK,12,12/1/2010 12:08,1.45,13758,United Kingdom
536425,22644,CERAMIC CHERRY CAKE MONEY BANK,12,12/1/2010 12:08,1.45,13758,United Kingdom
536425,22645,CERAMIC HEART FAIRY CAKE MONEY BANK,12,12/1/2010 12:08,1.45,13758,United Kingdom
536425,22650,CERAMIC PIRATE CHEST MONEY BANK,12,12/1/2010 12:08,1.45,13758,United Kingdom
536425,22508,DOORSTOP RETROSPOT HEART,8,12/1/2010 12:08,3.75,13758,United Kingdom
536425,21411,GINGHAM HEART  DOORSTOP RED,3,12/1/2010 12:08,4.25,13758,United Kingdom
536425,22511,RETROSPOT BABUSHKA DOORSTOP,4,12/1/2010 12:08,3.75,13758,United Kingdom
536425,22451,SILK PURSE BABUSHKA RED,6,12/1/2010 12:08,3.35,13758,United Kingdom
536425,22449,SILK PURSE BABUSHKA PINK,6,12/1/2010 12:08,3.35,13758,United Kingdom
536425,22768,FAMILY PHOTO FRAME CORNICE,2,12/1/2010 12:08,9.95,13758,United Kingdom
536425,22829,SWEETHEART WIRE WALL TIDY,2,12/1/2010 12:08,9.95,13758,United Kingdom
536425,22961,JAM MAKING SET PRINTED,12,12/1/2010 12:08,1.45,13758,United Kingdom
536437,21154,RED RETROSPOT OVEN GLOVE ,200,12/1/2010 12:12,1.06,13694,United Kingdom
536437,22189,CREAM HEART CARD HOLDER,72,12/1/2010 12:12,3.39,13694,United Kingdom
536437,17021,NAMASTE SWAGAT INCENSE,600,12/1/2010 12:12,0.24,13694,United Kingdom
536437,22059,CERAMIC STRAWBERRY DESIGN MUG,48,12/1/2010 12:12,1.25,13694,United Kingdom
536437,22188,BLACK HEART CARD HOLDER,36,12/1/2010 12:12,3.39,13694,United Kingdom
536437,84678,CLASSICAL ROSE SMALL VASE,48,12/1/2010 12:12,1.25,13694,United Kingdom
536446,85172,HYACINTH BULB T-LIGHT CANDLES,32,12/1/2010 12:15,0.42,15983,United Kingdom
536446,22142,CHRISTMAS CRAFT WHITE FAIRY ,2,12/1/2010 12:15,1.45,15983,United Kingdom
536446,22144,CHRISTMAS CRAFT LITTLE FRIENDS,2,12/1/2010 12:15,2.1,15983,United Kingdom
536446,21591,COSY HOUR CIGAR BOX MATCHES ,6,12/1/2010 12:15,1.25,15983,United Kingdom
536446,22480,RED TEA TOWEL CLASSIC DESIGN,12,12/1/2010 12:15,1.25,15983,United Kingdom
536446,22294,HEART FILIGREE DOVE  SMALL,48,12/1/2010 12:15,1.25,15983,United Kingdom
536446,21156,RETROSPOT CHILDRENS APRON,1,12/1/2010 12:15,1.95,15983,United Kingdom
536446,10133,COLOURING PENCILS BROWN TUBE,5,12/1/2010 12:15,0.85,15983,United Kingdom
536446,72800E,4 IVORY DINNER CANDLES SILVER FLOCK,6,12/1/2010 12:15,2.55,15983,United Kingdom
536446,22294,HEART FILIGREE DOVE  SMALL,24,12/1/2010 12:15,1.25,15983,United Kingdom
536446,84836,ZINC METAL HEART DECORATION,12,12/1/2010 12:15,1.25,15983,United Kingdom
536446,20774,GREEN FERN NOTEBOOK,2,12/1/2010 12:15,1.65,15983,United Kingdom
536446,20773,BLUE PAISLEY NOTEBOOK,2,12/1/2010 12:15,1.65,15983,United Kingdom
536446,20777,CHRYSANTHEMUM NOTEBOOK,2,12/1/2010 12:15,1.65,15983,United Kingdom
536446,16016,LARGE CHINESE STYLE SCISSOR,10,12/1/2010 12:15,0.85,15983,United Kingdom
536446,16014,SMALL CHINESE STYLE SCISSOR,10,12/1/2010 12:15,0.42,15983,United Kingdom
536446,21890,S/6 WOODEN SKITTLES IN COTTON BAG,2,12/1/2010 12:15,2.95,15983,United Kingdom
536446,21891,TRADITIONAL WOODEN SKIPPING ROPE,2,12/1/2010 12:15,1.25,15983,United Kingdom
536446,22619,SET OF 6 SOLDIER SKITTLES,8,12/1/2010 12:15,3.75,15983,United Kingdom
536446,22620,4 TRADITIONAL SPINNING TOPS,6,12/1/2010 12:15,1.25,15983,United Kingdom
536446,84347,ROTATING SILVER ANGELS T-LIGHT HLDR,12,12/1/2010 12:15,2.55,15983,United Kingdom
536446,85169B,BLACK LOVE BIRD CANDLE,24,12/1/2010 12:15,1.25,15983,United Kingdom
536446,21156,RETROSPOT CHILDRENS APRON,3,12/1/2010 12:15,1.95,15983,United Kingdom
536446,21651,HANGING GLASS ETCHED TEALIGHT,6,12/1/2010 12:15,1.65,15983,United Kingdom
536446,21651,HANGING GLASS ETCHED TEALIGHT,6,12/1/2010 12:15,1.65,15983,United Kingdom
536446,84625C,BLUE NEW BAROQUE CANDLESTICK CANDLE,10,12/1/2010 12:15,2.95,15983,United Kingdom
536446,22618,COOKING SET RETROSPOT,2,12/1/2010 12:15,9.95,15983,United Kingdom
536446,21586,KINGS CHOICE GIANT TUBE MATCHES,4,12/1/2010 12:15,2.55,15983,United Kingdom
536446,21587,COSY HOUR GIANT TUBE MATCHES,4,12/1/2010 12:15,2.55,15983,United Kingdom
536446,22152,PLACE SETTING WHITE STAR,24,12/1/2010 12:15,0.42,15983,United Kingdom
536446,85172,HYACINTH BULB T-LIGHT CANDLES,16,12/1/2010 12:15,0.42,15983,United Kingdom
536446,84754,S/15 SILVER GLASS BAUBLES IN BAG,24,12/1/2010 12:15,1.25,15983,United Kingdom
536460,22670,FRENCH WC SIGN BLUE METAL,12,12/1/2010 12:22,1.25,14849,United Kingdom
536460,21586,KINGS CHOICE GIANT TUBE MATCHES,12,12/1/2010 12:22,2.55,14849,United Kingdom
536460,84992,72 SWEETHEART FAIRY CAKE CASES,24,12/1/2010 12:22,0.55,14849,United Kingdom
536460,84879,ASSORTED COLOUR BIRD ORNAMENT,24,12/1/2010 12:22,1.69,14849,United Kingdom
536460,84849B,FAIRY SOAP SOAP HOLDER,12,12/1/2010 12:22,1.69,14849,United Kingdom
536460,22927,GREEN GIANT GARDEN THERMOMETER,2,12/1/2010 12:22,5.95,14849,United Kingdom
536460,22926,IVORY GIANT GARDEN THERMOMETER,4,12/1/2010 12:22,5.95,14849,United Kingdom
536460,22925,BLUE GIANT GARDEN THERMOMETER,2,12/1/2010 12:22,5.95,14849,United Kingdom
536460,21977,PACK OF 60 PINK PAISLEY CAKE CASES,24,12/1/2010 12:22,0.55,14849,United Kingdom
536460,21485,RETROSPOT HEART HOT WATER BOTTLE,6,12/1/2010 12:22,4.95,14849,United Kingdom
536460,21484,CHICK GREY HOT WATER BOTTLE,8,12/1/2010 12:22,3.45,14849,United Kingdom
536460,21259,VICTORIAN SEWING BOX SMALL ,2,12/1/2010 12:22,5.95,14849,United Kingdom
536460,21257,VICTORIAN SEWING BOX MEDIUM,2,12/1/2010 12:22,7.95,14849,United Kingdom
536460,21121,SET/10 RED POLKADOT PARTY CANDLES,24,12/1/2010 12:22,1.25,14849,United Kingdom
536463,82552,WASHROOM METAL SIGN,12,12/1/2010 12:22,1.45,14849,United Kingdom
536464,90200B,BLACK SWEETHEART BRACELET,2,12/1/2010 12:23,4.25,17968,United Kingdom
536464,90059B,DIAMANTE HAIR GRIP PACK/2 BLACK DIA,2,12/1/2010 12:23,1.65,17968,United Kingdom
536464,90185C,BLACK DIAMANTE EXPANDABLE RING,2,12/1/2010 12:23,4.25,17968,United Kingdom
536464,90059E,DIAMANTE HAIR GRIP PACK/2 RUBY,3,12/1/2010 12:23,1.65,17968,United Kingdom
536464,90059C,DIAMANTE HAIR GRIP PACK/2 MONTANA,1,12/1/2010 12:23,1.65,17968,United Kingdom
536464,90200C,BLUE SWEETHEART BRACELET,1,12/1/2010 12:23,4.25,17968,United Kingdom
536464,90200D,PINK SWEETHEART BRACELET,3,12/1/2010 12:23,4.25,17968,United Kingdom
536464,90200A,PURPLE SWEETHEART BRACELET,1,12/1/2010 12:23,4.25,17968,United Kingdom
536464,22386,JUMBO BAG PINK POLKADOT,1,12/1/2010 12:23,1.95,17968,United Kingdom
536464,85099B,JUMBO BAG RED RETROSPOT,1,12/1/2010 12:23,1.95,17968,United Kingdom
536464,84879,ASSORTED COLOUR BIRD ORNAMENT,8,12/1/2010 12:23,1.69,17968,United Kingdom
536464,22086,PAPER CHAIN KIT 50'S CHRISTMAS ,1,12/1/2010 12:23,2.95,17968,United Kingdom
536464,22737,RIBBON REEL CHRISTMAS PRESENT ,1,12/1/2010 12:23,1.65,17968,United Kingdom
536464,21260,FIRST AID TIN,1,12/1/2010 12:23,3.25,17968,United Kingdom
536464,22744,MAKE YOUR OWN MONSOON CARD KIT,2,12/1/2010 12:23,2.95,17968,United Kingdom
536464,21985,PACK OF 12 HEARTS DESIGN TISSUES ,1,12/1/2010 12:23,0.29,17968,United Kingdom
536464,21980,PACK OF 12 RED RETROSPOT TISSUES ,1,12/1/2010 12:23,0.29,17968,United Kingdom
536464,22988,SOLDIERS EGG CUP ,1,12/1/2010 12:23,1.25,17968,United Kingdom
536464,22297,HEART IVORY TRELLIS SMALL,1,12/1/2010 12:23,1.25,17968,United Kingdom
536464,22294,HEART FILIGREE DOVE  SMALL,1,12/1/2010 12:23,1.25,17968,United Kingdom
536464,22295,HEART FILIGREE DOVE LARGE,1,12/1/2010 12:23,1.65,17968,United Kingdom
536464,22813,PACK 3 BOXES BIRD PANNETONE ,2,12/1/2010 12:23,1.95,17968,United Kingdom
536464,22812,PACK 3 BOXES CHRISTMAS PANNETONE,6,12/1/2010 12:23,1.95,17968,United Kingdom
536464,22197,SMALL POPCORN HOLDER,5,12/1/2010 12:23,0.85,17968,United Kingdom
536464,21977,PACK OF 60 PINK PAISLEY CAKE CASES,1,12/1/2010 12:23,0.55,17968,United Kingdom
536464,22619,SET OF 6 SOLDIER SKITTLES,1,12/1/2010 12:23,3.75,17968,United Kingdom
536464,16258A,SWIRLY CIRCULAR RUBBERS IN BAG,1,12/1/2010 12:23,0.42,17968,United Kingdom
536464,21992,VINTAGE PAISLEY STATIONERY SET,1,12/1/2010 12:23,2.95,17968,United Kingdom
536464,22910,PAPER CHAIN KIT VINTAGE CHRISTMAS,1,12/1/2010 12:23,2.95,17968,United Kingdom
536464,21124,SET/10 BLUE POLKADOT PARTY CANDLES,1,12/1/2010 12:23,1.25,17968,United Kingdom
536464,22735,RIBBON REEL SOCKS AND MITTENS,2,12/1/2010 12:23,1.65,17968,United Kingdom
536464,22952,60 CAKE CASES VINTAGE CHRISTMAS,2,12/1/2010 12:23,0.55,17968,United Kingdom
536464,22945,CHRISTMAS METAL TAGS ASSORTED ,6,12/1/2010 12:23,0.85,17968,United Kingdom
536464,21816,CHRISTMAS TREE T-LIGHT HOLDER,2,12/1/2010 12:23,1.45,17968,United Kingdom
536464,21815,STAR  T-LIGHT HOLDER ,4,12/1/2010 12:23,1.45,17968,United Kingdom
536464,21814,HEART T-LIGHT HOLDER ,2,12/1/2010 12:23,1.45,17968,United Kingdom
536464,10125,MINI FUNKY DESIGN TAPES,2,12/1/2010 12:23,0.85,17968,United Kingdom
536464,22810,SET OF 6 T-LIGHTS SNOWMEN,1,12/1/2010 12:23,2.95,17968,United Kingdom
536464,22573,STAR WOODEN CHRISTMAS DECORATION,1,12/1/2010 12:23,0.85,17968,United Kingdom
536464,22577,WOODEN HEART CHRISTMAS SCANDINAVIAN,1,12/1/2010 12:23,0.85,17968,United Kingdom
536464,22603,CHRISTMAS RETROSPOT TREE WOOD,2,12/1/2010 12:23,0.85,17968,United Kingdom
536464,22809,SET OF 6 T-LIGHTS SANTA,1,12/1/2010 12:23,2.95,17968,United Kingdom
536464,20878,SET/9 CHRISTMAS T-LIGHTS SCENTED ,1,12/1/2010 12:23,1.25,17968,United Kingdom
536464,20866,BLUE ROSE FABRIC MIRROR,1,12/1/2010 12:23,1.25,17968,United Kingdom
536464,85095,THREE CANVAS LUGGAGE TAGS,1,12/1/2010 12:23,1.95,17968,United Kingdom
536464,22333,RETROSPOT PARTY BAG + STICKER SET,1,12/1/2010 12:23,1.65,17968,United Kingdom
536464,22557,PLASTERS IN TIN VINTAGE PAISLEY ,1,12/1/2010 12:23,1.65,17968,United Kingdom
536464,21584,RETROSPOT SMALL TUBE MATCHES,1,12/1/2010 12:23,1.65,17968,United Kingdom
536464,22866,HAND WARMER SCOTTY DOG DESIGN,1,12/1/2010 12:23,2.1,17968,United Kingdom
536464,22731,3D CHRISTMAS STAMPS STICKERS ,2,12/1/2010 12:23,1.25,17968,United Kingdom
536464,22866,HAND WARMER SCOTTY DOG DESIGN,1,12/1/2010 12:23,2.1,17968,United Kingdom
536464,22866,HAND WARMER SCOTTY DOG DESIGN,3,12/1/2010 12:23,2.1,17968,United Kingdom
536464,22558,CLOTHES PEGS RETROSPOT PACK 24 ,2,12/1/2010 12:23,1.49,17968,United Kingdom
536464,22956,36 FOIL HEART CAKE CASES,1,12/1/2010 12:23,2.1,17968,United Kingdom
536464,22945,CHRISTMAS METAL TAGS ASSORTED ,6,12/1/2010 12:23,0.85,17968,United Kingdom
536464,22582,PACK OF 6 SWEETIE GIFT BOXES,1,12/1/2010 12:23,2.55,17968,United Kingdom
536464,21212,PACK OF 72 RETROSPOT CAKE CASES,1,12/1/2010 12:23,0.55,17968,United Kingdom
536464,21212,PACK OF 72 RETROSPOT CAKE CASES,2,12/1/2010 12:23,0.55,17968,United Kingdom
536464,22585,PACK OF 6 BIRDY GIFT TAGS,3,12/1/2010 12:23,1.25,17968,United Kingdom
536464,21121,SET/10 RED POLKADOT PARTY CANDLES,1,12/1/2010 12:23,1.25,17968,United Kingdom
536464,21122,SET/10 PINK POLKADOT PARTY CANDLES,1,12/1/2010 12:23,1.25,17968,United Kingdom
536464,22759,SET OF 3 NOTEBOOKS IN PARCEL,1,12/1/2010 12:23,1.65,17968,United Kingdom
536464,21815,STAR  T-LIGHT HOLDER ,1,12/1/2010 12:23,1.45,17968,United Kingdom
536464,85231B,CINAMMON SET OF 9 T-LIGHTS,3,12/1/2010 12:23,0.85,17968,United Kingdom
536464,85231G,ORANGE SCENTED SET/9 T-LIGHTS,5,12/1/2010 12:23,0.85,17968,United Kingdom
536464,22082,RIBBON REEL STRIPES DESIGN ,5,12/1/2010 12:23,1.65,17968,United Kingdom
536464,22500,SET OF 2 TINS JARDIN DE PROVENCE,2,12/1/2010 12:23,4.95,17968,United Kingdom
536464,22742,MAKE YOUR OWN PLAYTIME CARD KIT,1,12/1/2010 12:23,2.95,17968,United Kingdom
536464,21329,DINOSAURS  WRITING SET ,1,12/1/2010 12:23,1.65,17968,United Kingdom
536464,21328,BALLOONS  WRITING SET ,1,12/1/2010 12:23,1.65,17968,United Kingdom
536464,21327,SKULLS WRITING SET ,1,12/1/2010 12:23,1.65,17968,United Kingdom
536464,21992,VINTAGE PAISLEY STATIONERY SET,1,12/1/2010 12:23,2.95,17968,United Kingdom
536464,21738,COSY SLIPPER SHOES SMALL  RED ,1,12/1/2010 12:23,2.95,17968,United Kingdom
536464,48173C,DOORMAT BLACK FLOCK ,1,12/1/2010 12:23,7.95,17968,United Kingdom
536464,85099C,JUMBO  BAG BAROQUE BLACK WHITE,1,12/1/2010 12:23,1.95,17968,United Kingdom
536464,22960,JAM MAKING SET WITH JARS,1,12/1/2010 12:23,4.25,17968,United Kingdom
536464,85231G,ORANGE SCENTED SET/9 T-LIGHTS,1,12/1/2010 12:23,0.85,17968,United Kingdom
536464,85231B,CINAMMON SET OF 9 T-LIGHTS,2,12/1/2010 12:23,0.85,17968,United Kingdom
536464,22866,HAND WARMER SCOTTY DOG DESIGN,1,12/1/2010 12:23,2.1,17968,United Kingdom
536464,72818,CHRISTMAS DECOUPAGE CANDLE,1,12/1/2010 12:23,0.85,17968,United Kingdom
536464,21814,HEART T-LIGHT HOLDER ,8,12/1/2010 12:23,1.45,17968,United Kingdom
536464,22441,GROW YOUR OWN BASIL IN ENAMEL MUG,1,12/1/2010 12:23,2.1,17968,United Kingdom
536464,22312,OFFICE MUG WARMER POLKADOT,1,12/1/2010 12:23,2.95,17968,United Kingdom
536464,22197,SMALL POPCORN HOLDER,6,12/1/2010 12:23,0.85,17968,United Kingdom
536464,22663,JUMBO BAG DOLLY GIRL DESIGN,1,12/1/2010 12:23,1.95,17968,United Kingdom
536466,22960,JAM MAKING SET WITH JARS,6,12/1/2010 12:23,4.25,14849,United Kingdom
536466,22961,JAM MAKING SET PRINTED,12,12/1/2010 12:23,1.45,14849,United Kingdom
536477,21314,SMALL GLASS HEART TRINKET POT,48,12/1/2010 12:27,1.85,16210,United Kingdom
536477,84029E,RED WOOLLY HOTTIE WHITE HEART.,24,12/1/2010 12:27,3.39,16210,United Kingdom
536477,21137,BLACK RECORD COVER FRAME,480,12/1/2010 12:27,3.39,16210,United Kingdom
536477,22041,"RECORD FRAME 7"" SINGLE SIZE ",48,12/1/2010 12:27,2.1,16210,United Kingdom
536477,20979,36 PENCILS TUBE RED RETROSPOT,16,12/1/2010 12:27,1.25,16210,United Kingdom
536477,20977,36 PENCILS TUBE WOODLAND,16,12/1/2010 12:27,1.25,16210,United Kingdom
536477,22619,SET OF 6 SOLDIER SKITTLES,4,12/1/2010 12:27,3.75,16210,United Kingdom
536477,22571,ROCKING HORSE RED CHRISTMAS ,96,12/1/2010 12:27,0.72,16210,United Kingdom
536477,22595,CHRISTMAS GINGHAM HEART,144,12/1/2010 12:27,0.72,16210,United Kingdom
536477,22593,CHRISTMAS GINGHAM STAR,144,12/1/2010 12:27,0.72,16210,United Kingdom
536477,22633,HAND WARMER UNION JACK,12,12/1/2010 12:27,2.1,16210,United Kingdom
536477,22632,HAND WARMER RED RETROSPOT,12,12/1/2010 12:27,2.1,16210,United Kingdom
536477,22423,REGENCY CAKESTAND 3 TIER,16,12/1/2010 12:27,10.95,16210,United Kingdom
536477,22411,JUMBO SHOPPER VINTAGE RED PAISLEY,10,12/1/2010 12:27,1.95,16210,United Kingdom
536488,22738,RIBBON REEL SNOWY VILLAGE,5,12/1/2010 12:31,1.65,17897,United Kingdom
536488,21621,VINTAGE UNION JACK BUNTING,1,12/1/2010 12:31,8.5,17897,United Kingdom
536488,22960,JAM MAKING SET WITH JARS,8,12/1/2010 12:31,4.25,17897,United Kingdom
536488,22082,RIBBON REEL STRIPES DESIGN ,5,12/1/2010 12:31,1.65,17897,United Kingdom
536488,47563A,RETRO LONGBOARD IRONING BOARD COVER,1,12/1/2010 12:31,3.75,17897,United Kingdom
536488,84558A,3D DOG PICTURE PLAYING CARDS,1,12/1/2010 12:31,2.95,17897,United Kingdom
536488,21592,RETROSPOT CIGAR BOX MATCHES ,1,12/1/2010 12:31,1.25,17897,United Kingdom
536488,20878,SET/9 CHRISTMAS T-LIGHTS SCENTED ,2,12/1/2010 12:31,1.25,17897,United Kingdom
536488,84347,ROTATING SILVER ANGELS T-LIGHT HLDR,1,12/1/2010 12:31,2.55,17897,United Kingdom
536488,84347,ROTATING SILVER ANGELS T-LIGHT HLDR,1,12/1/2010 12:31,2.55,17897,United Kingdom
536488,21577,SAVE THE PLANET COTTON TOTE BAG,1,12/1/2010 12:31,2.25,17897,United Kingdom
536488,22909,SET OF 20 VINTAGE CHRISTMAS NAPKINS,1,12/1/2010 12:31,0.85,17897,United Kingdom
536488,22087,PAPER BUNTING WHITE LACE,1,12/1/2010 12:31,2.95,17897,United Kingdom
536488,22651,GENTLEMAN SHIRT REPAIR KIT ,2,12/1/2010 12:31,0.85,17897,United Kingdom
536488,22713,CARD I LOVE LONDON ,12,12/1/2010 12:31,0.42,17897,United Kingdom
536488,22910,PAPER CHAIN KIT VINTAGE CHRISTMAS,1,12/1/2010 12:31,2.95,17897,United Kingdom
536488,21370,MIRRORED WALL ART FOXY,2,12/1/2010 12:31,6.35,17897,United Kingdom
536488,21367,MIRRORED WALL ART GENTS,1,12/1/2010 12:31,2.55,17897,United Kingdom
536488,22376,AIRLINE BAG VINTAGE JET SET WHITE,1,12/1/2010 12:31,4.25,17897,United Kingdom
536488,22961,JAM MAKING SET PRINTED,1,12/1/2010 12:31,1.45,17897,United Kingdom
536488,21895,POTTING SHED SOW 'N' GROW SET,1,12/1/2010 12:31,4.25,17897,United Kingdom
536488,22468,BABUSHKA LIGHTS STRING OF 10,1,12/1/2010 12:31,6.75,17897,United Kingdom
536488,21034,REX CASH+CARRY JUMBO SHOPPER,1,12/1/2010 12:31,0.95,17897,United Kingdom
536488,22372,AIRLINE BAG VINTAGE WORLD CHAMPION ,1,12/1/2010 12:31,4.25,17897,United Kingdom
536488,22867,HAND WARMER BIRD DESIGN,1,12/1/2010 12:31,2.1,17897,United Kingdom
536488,22144,CHRISTMAS CRAFT LITTLE FRIENDS,1,12/1/2010 12:31,2.1,17897,United Kingdom
536488,21190,PINK HEARTS PAPER GARLAND,1,12/1/2010 12:31,1.65,17897,United Kingdom
536488,21894,POTTING SHED SEED ENVELOPES,3,12/1/2010 12:31,1.25,17897,United Kingdom
536488,70007,HI TEC ALPINE HAND WARMER,3,12/1/2010 12:31,1.65,17897,United Kingdom
536488,22940,FELTCRAFT CHRISTMAS FAIRY,1,12/1/2010 12:31,4.25,17897,United Kingdom
536488,70007,HI TEC ALPINE HAND WARMER,1,12/1/2010 12:31,1.65,17897,United Kingdom
536488,84347,ROTATING SILVER ANGELS T-LIGHT HLDR,3,12/1/2010 12:31,2.55,17897,United Kingdom
536488,22150,3 STRIPEY MICE FELTCRAFT,1,12/1/2010 12:31,1.95,17897,United Kingdom
536488,22149,FELTCRAFT 6 FLOWER FRIENDS,2,12/1/2010 12:31,2.1,17897,United Kingdom
536488,22144,CHRISTMAS CRAFT LITTLE FRIENDS,2,12/1/2010 12:31,2.1,17897,United Kingdom
536500,21622,VINTAGE UNION JACK CUSHION COVER,10,12/1/2010 12:35,4.95,17377,United Kingdom
536500,46000M,POLYESTER FILLER PAD 45x45cm,10,12/1/2010 12:35,1.55,17377,United Kingdom
536500,22630,DOLLY GIRL LUNCH BOX,2,12/1/2010 12:35,1.95,17377,United Kingdom
536500,22616,PACK OF 12 LONDON TISSUES ,12,12/1/2010 12:35,0.29,17377,United Kingdom
536500,22712,CARD DOLLY GIRL ,12,12/1/2010 12:35,0.42,17377,United Kingdom
536500,22983,CARD BILLBOARD FONT,12,12/1/2010 12:35,0.42,17377,United Kingdom
536500,22024,RAINY LADIES BIRTHDAY CARD,12,12/1/2010 12:35,0.42,17377,United Kingdom
536500,22113,GREY HEART HOT WATER BOTTLE,3,12/1/2010 12:35,3.75,17377,United Kingdom
536500,84029E,RED WOOLLY HOTTIE WHITE HEART.,2,12/1/2010 12:35,3.75,17377,United Kingdom
536500,21488,RED WHITE SCARF  HOT WATER BOTTLE,2,12/1/2010 12:35,3.95,17377,United Kingdom
536500,22900, SET 2 TEA TOWELS I LOVE LONDON ,7,12/1/2010 12:35,2.95,17377,United Kingdom
536500,22895,SET OF 2 TEA TOWELS APPLE AND PEARS,3,12/1/2010 12:35,2.95,17377,United Kingdom
536500,21035,SET/2 RED RETROSPOT TEA TOWELS ,3,12/1/2010 12:35,2.95,17377,United Kingdom
536500,21755,LOVE BUILDING BLOCK WORD,6,12/1/2010 12:35,5.95,17377,United Kingdom
536500,21754,HOME BUILDING BLOCK WORD,6,12/1/2010 12:35,5.95,17377,United Kingdom
536502,84879,ASSORTED COLOUR BIRD ORNAMENT,16,12/1/2010 12:36,1.69,16552,United Kingdom
536502,22784,LANTERN CREAM GAZEBO ,3,12/1/2010 12:36,4.95,16552,United Kingdom
536502,21441,BLUE BIRDHOUSE DECORATION,12,12/1/2010 12:36,0.85,16552,United Kingdom
536502,85123A,WHITE HANGING HEART T-LIGHT HOLDER,6,12/1/2010 12:36,2.95,16552,United Kingdom
536502,22423,REGENCY CAKESTAND 3 TIER,2,12/1/2010 12:36,12.75,16552,United Kingdom
536508,84947,ANTIQUE SILVER TEA GLASS ENGRAVED,72,12/1/2010 12:38,1.06,17181,United Kingdom
536508,21326,AGED GLASS SILVER T-LIGHT HOLDER,144,12/1/2010 12:38,0.55,17181,United Kingdom
C536506,22960,JAM MAKING SET WITH JARS,-6,12/1/2010 12:38,4.25,17897,United Kingdom
536514,22865,HAND WARMER OWL DESIGN,36,12/1/2010 12:40,2.1,17951,United Kingdom
536514,22485,SET OF 2 WOODEN MARKET CRATES,4,12/1/2010 12:40,12.75,17951,United Kingdom
536514,22807,SET OF 6 T-LIGHTS TOADSTOOLS,6,12/1/2010 12:40,2.95,17951,United Kingdom
536514,22633,HAND WARMER UNION JACK,36,12/1/2010 12:40,2.1,17951,United Kingdom
536514,22866,HAND WARMER SCOTTY DOG DESIGN,36,12/1/2010 12:40,2.1,17951,United Kingdom
536520,21794,CLASSIC FRENCH STYLE BASKET NATURAL,1,12/1/2010 12:43,6.75,14729,United Kingdom
536520,20707,CRAZY DAISY HEART DECORATION,1,12/1/2010 12:43,1.25,14729,United Kingdom
536520,21175,GIN + TONIC DIET METAL SIGN,1,12/1/2010 12:43,2.1,14729,United Kingdom
536520,22926,IVORY GIANT GARDEN THERMOMETER,1,12/1/2010 12:43,5.95,14729,United Kingdom
536520,22588,CARD HOLDER GINGHAM HEART,2,12/1/2010 12:43,2.55,14729,United Kingdom
536520,21292,SMALL STRIPES CHOCOLATE GIFT BAG ,16,12/1/2010 12:43,0.85,14729,United Kingdom
536520,21890,S/6 WOODEN SKITTLES IN COTTON BAG,1,12/1/2010 12:43,2.95,14729,United Kingdom
536520,22632,HAND WARMER RED RETROSPOT,4,12/1/2010 12:43,2.1,14729,United Kingdom
536520,22633,HAND WARMER UNION JACK,3,12/1/2010 12:43,2.1,14729,United Kingdom
536520,22670,FRENCH WC SIGN BLUE METAL,1,12/1/2010 12:43,1.25,14729,United Kingdom
536520,21867,PINK UNION JACK  LUGGAGE TAG,1,12/1/2010 12:43,1.25,14729,United Kingdom
536520,22760,"TRAY, BREAKFAST IN BED",1,12/1/2010 12:43,12.75,14729,United Kingdom
536520,22107,PIZZA PLATE IN BOX,2,12/1/2010 12:43,3.75,14729,United Kingdom
536520,22470,HEART OF WICKER LARGE,1,12/1/2010 12:43,2.95,14729,United Kingdom
536520,21486,PINK HEART DOTS HOT WATER BOTTLE,1,12/1/2010 12:43,3.75,14729,United Kingdom
536520,22151,PLACE SETTING WHITE HEART,14,12/1/2010 12:43,0.42,14729,United Kingdom
536520,22643,SET OF 4 NAPKIN CHARMS LEAVES   ,4,12/1/2010 12:43,2.55,14729,United Kingdom
536520,22642,SET OF 4 NAPKIN CHARMS STARS   ,4,12/1/2010 12:43,2.55,14729,United Kingdom
536520,22604,SET OF 4 NAPKIN CHARMS CUTLERY,3,12/1/2010 12:43,2.55,14729,United Kingdom
536520,22099,CARAVAN SQUARE TISSUE BOX,2,12/1/2010 12:43,1.25,14729,United Kingdom
536520,22553,PLASTERS IN TIN SKULLS,1,12/1/2010 12:43,1.65,14729,United Kingdom
536520,22551,PLASTERS IN TIN SPACEBOY,1,12/1/2010 12:43,1.65,14729,United Kingdom
536520,22653,BUTTON BOX ,1,12/1/2010 12:43,1.95,14729,United Kingdom
536520,22557,PLASTERS IN TIN VINTAGE PAISLEY ,2,12/1/2010 12:43,1.65,14729,United Kingdom
536520,22906,12 MESSAGE CARDS WITH ENVELOPES,6,12/1/2010 12:43,1.65,14729,United Kingdom
536520,22754,SMALL RED BABUSHKA NOTEBOOK ,1,12/1/2010 12:43,0.85,14729,United Kingdom
536520,22938,CUPCAKE LACE PAPER SET 6,5,12/1/2010 12:43,1.95,14729,United Kingdom
536520,22812,PACK 3 BOXES CHRISTMAS PANNETONE,3,12/1/2010 12:43,1.95,14729,United Kingdom
536520,22919,HERB MARKER MINT,2,12/1/2010 12:43,0.65,14729,United Kingdom
536520,22917,HERB MARKER ROSEMARY,1,12/1/2010 12:43,0.65,14729,United Kingdom
536520,22920,HERB MARKER BASIL,3,12/1/2010 12:43,0.65,14729,United Kingdom
536520,22921,HERB MARKER CHIVES ,2,12/1/2010 12:43,0.65,14729,United Kingdom
536520,22918,HERB MARKER PARSLEY,2,12/1/2010 12:43,0.65,14729,United Kingdom
536520,22916,HERB MARKER THYME,1,12/1/2010 12:43,0.65,14729,United Kingdom
536520,85123A,WHITE HANGING HEART T-LIGHT HOLDER,3,12/1/2010 12:43,2.95,14729,United Kingdom
536520,22575,METAL MERRY CHRISTMAS WREATH,1,12/1/2010 12:43,1.95,14729,United Kingdom
536520,21804,WHITE CHRISTMAS GARLAND STARS TREES,3,12/1/2010 12:43,3.75,14729,United Kingdom
536520,21584,RETROSPOT SMALL TUBE MATCHES,12,12/1/2010 12:43,1.65,14729,United Kingdom
536520,21588,RETROSPOT GIANT TUBE MATCHES,3,12/1/2010 12:43,2.55,14729,United Kingdom
536520,22152,PLACE SETTING WHITE STAR,12,12/1/2010 12:43,0.42,14729,United Kingdom
536520,22441,GROW YOUR OWN BASIL IN ENAMEL MUG,1,12/1/2010 12:43,2.1,14729,United Kingdom
536520,22955,36 FOIL STAR CAKE CASES ,2,12/1/2010 12:43,2.1,14729,United Kingdom
536520,22956,36 FOIL HEART CAKE CASES,2,12/1/2010 12:43,2.1,14729,United Kingdom
536520,22582,PACK OF 6 SWEETIE GIFT BOXES,2,12/1/2010 12:43,2.55,14729,United Kingdom
536520,22583,PACK OF 6 HANDBAG GIFT BOXES,3,12/1/2010 12:43,2.55,14729,United Kingdom
536520,22241,GARLAND WOODEN HAPPY EASTER,2,12/1/2010 12:43,1.25,14729,United Kingdom
536520,22904,CALENDAR PAPER CUT DESIGN,3,12/1/2010 12:43,2.95,14729,United Kingdom
536520,22905,CALENDAR IN SEASON DESIGN,2,12/1/2010 12:43,2.95,14729,United Kingdom
536520,22197,SMALL POPCORN HOLDER,3,12/1/2010 12:43,0.85,14729,United Kingdom
536520,22092,BLUE PAISLEY TISSUE BOX,1,12/1/2010 12:43,1.25,14729,United Kingdom
536520,22469,HEART OF WICKER SMALL,1,12/1/2010 12:43,1.65,14729,United Kingdom
536520,22100,SKULLS SQUARE TISSUE BOX,1,12/1/2010 12:43,1.25,14729,United Kingdom
536520,22096,PINK PAISLEY SQUARE TISSUE BOX ,1,12/1/2010 12:43,1.25,14729,United Kingdom
